observer,difficulty,accuracy
4_6,0,0.8297872340425532
4_6,1,0.535483870967742
7_9,0,0.9368811881188119
7_9,1,0.655940594059406
10_12,0,0.9483173076923077
10_12,1,0.7403846153846154
13_15,0,0.9756637168141593
13_15,1,0.7669616519174042
adults,0,0.9817708333333334
adults,1,0.8194444444444444
vgg19,0,1.0
vgg19,1,0.06666666666666667
resnext,0,1.0
resnext,1,0.3458333333333333
bitm,0,1.0
bitm,1,0.3958333333333333
swsl,0,1.0
swsl,1,0.375
swag,0,1.0
swag,1,0.15416666666666667
