observer,difficulty,accuracy
4_6,0.0,0.7064516129032258
4_6,0.1,0.5612903225806452
4_6,0.2,0.5806451612903226
4_6,0.35,0.3064516129032258
7_9,0.0,0.9065217391304348
7_9,0.1,0.7065217391304348
7_9,0.2,0.6608695652173913
7_9,0.35,0.4543478260869565
10_12,0.0,0.9297872340425531
10_12,0.1,0.723404255319149
10_12,0.2,0.6638297872340425
10_12,0.35,0.4574468085106383
13_15,0.0,0.94375
13_15,0.1,0.784375
13_15,0.2,0.734375
13_15,0.35,0.509375
adults,0.0,0.9583333333333334
adults,0.1,0.8375
adults,0.2,0.7166666666666667
adults,0.35,0.5291666666666667
vgg19,0.0,0.975
vgg19,0.1,0.15
vgg19,0.2,0.0625
vgg19,0.35,0.075
resnext,0.0,0.9875
resnext,0.1,0.7
resnext,0.2,0.2875
resnext,0.35,0.075
bitm,0.0,0.9875
bitm,0.1,0.9
bitm,0.2,0.7875
bitm,0.35,0.5875
swsl,0.0,1.0
swsl,0.1,0.9
swsl,0.2,0.7125
swsl,0.35,0.475
swag,0.0,1.0
swag,0.1,0.975
swag,0.2,0.9625
swag,0.35,0.7625
